"Data Source","World Development Indicators",

"Last Updated Date","2018-11-14",

"Country Name","Country Code","Indicator Name","Indicator Code","1960","1961","1962","1963","1964","1965","1966","1967","1968","1969","1970","1971","1972","1973","1974","1975","1976","1977","1978","1979","1980","1981","1982","1983","1984","1985","1986","1987","1988","1989","1990","1991","1992","1993","1994","1995","1996","1997","1998","1999","2000","2001","2002","2003","2004","2005","2006","2007","2008","2009","2010","2011","2012","2013","2014","2015","2016","2017",
"Aruba","ABW","Intentional homicides, male (per 100,000 male)","VC.IHR.PSRC.MA.P5","","","","","","","","","","","","","","","","","","","","","","","","","","","","","","","","","","","","","","","","","","4.47998566404588","8.79391461108913","6.47808248758368","4.25278557455133","10.5099424055156","8.34463335767185","6.23195330189659","8.28998362728234","6.20616893191833","8.25337872691633","4.11099691675231","6.13773067637792","10.1770812131081","4.0503047854351","","","",
"Afghanistan","AFG","Intentional homicides, male (per 100,000 male)","VC.IHR.PSRC.MA.P5","","","","","","","","","","","","","","","","","","","","","","","","","","","","","","","","","","","","","","","","","","","","","","","","","","","","","11.7587720944398","","","","","",
"Angola","AGO","Intentional homicides, male (per 100,000 male)","VC.IHR.PSRC.MA.P5","","","","","","","","","","","","","","","","","","","","","","","","","","","","","","","","","","","","","","","","","","","","","","","","","","","","","7.764832921313","","","","","",
"Albania","ALB","Intentional homicides, male (per 100,000 male)","VC.IHR.PSRC.MA.P5","","","","","","","","","","","","","","","","","","","","","","","","","","","","","","","","","","","","","","","","","7.47959275519039","11.4560297325112","11.2281859184593","9.24784413619714","7.1952336716378","8.61394500546629","4.70598385455373","5.34914037333037","4.93802775171597","5.25211144980497","7.32007360740683","8.14751443201603","8.91770388866349","6.79746731090802","7.05836042431605","3.52335271403182","4.33089662199703","",
"Andorra","AND","Intentional homicides, male (per 100,000 male)","VC.IHR.PSRC.MA.P5","","","","","","","","","","","","","","","","","","","","","","","","","","","","","","","","","","","","","","","","","","","","","","","","0","0","0","0","2.34315873970214","0","0","0","0","","",
"Arab World","ARB","Intentional homicides, male (per 100,000 male)","VC.IHR.PSRC.MA.P5","","","","","","","","","","","","","","","","","","","","","","","","","","","","","","","","","","","","","","","","","","","","","","","","","","","","","","","","","","",
"United Arab Emirates","ARE","Intentional homicides, male (per 100,000 male)","VC.IHR.PSRC.MA.P5","","","","","","","","","","","","","","","","","","","","","","","","","","","","","","","","","","","","","","","","","","","","","","","","","","","0.796131769910997","0.559115840134813","0.786873941096436","0.581380398566069","0.669577231345643","0.749572733357574","","",
"Argentina","ARG","Intentional homicides, male (per 100,000 male)","VC.IHR.PSRC.MA.P5","","","","","","","","","","","","","","","","","","","","","","","","","","","","","","","","","","","","","","","","","","","","","","","","","","","","","","","13.3136426248482","11.5302326467837","","",
"Armenia","ARM","Intentional homicides, male (per 100,000 male)","VC.IHR.PSRC.MA.P5","","","","","","","","","","","","","","","","","","","","","","","","","","","","","","","","","","","","","","","","","4.52126228280197","4.86225502409421","3.46845920533341","4.59316309687575","4.32347533705388","3.35266943820674","3.81204188067446","4.64863914720715","5.18222584725525","5.32402614688397","3.41664500315668","3.86376943401722","3.40764215608927","3.24260428289069","3.81096164486968","3.9394204674779","5.17189492059189","",
"American Samoa","ASM","Intentional homicides, male (per 100,000 male)","VC.IHR.PSRC.MA.P5","","","","","","","","","","","","","","","","","","","","","","","","","","","","","","","","","","","","","","","","","","","","","","","","","","","","","","","","","","",
"Antigua and Barbuda","ATG","Intentional homicides, male (per 100,000 male)","VC.IHR.PSRC.MA.P5","","","","","","","","","","","","","","","","","","","","","","","","","","","","","","","","","","","","","","","","","","15.5156028781443","9.18892428326391","","","","","","24.7870566496913","","","","","","","","","",
"Australia","AUS","Intentional homicides, male (per 100,000 male)","VC.IHR.PSRC.MA.P5","","","","","","","","","","","","","","","","","","","","","","","","","","","","","","","","","","","","","","","","","2.37558381401524","2.40214431296354","2.51956921536264","2.36262104525179","1.96650880345154","1.60141017901468","1.83683699135792","1.60184047454026","1.50547364042915","1.73621152681795","1.24392484588688","1.40608813022227","1.40353930506558","1.3068957271174","1.27279988211652","1.27843037621749","1.22286348465417","",
"Austria","AUT","Intentional homicides, male (per 100,000 male)","VC.IHR.PSRC.MA.P5","","","","","","","","","","","","","","","","","","","","","","","","","","","","","","","","","","","","","","","","","0.725835911378568","0.716677369048712","0.691371174260012","0.669514606837671","0.678219278137477","0.743281579916649","0.790994289565847","0.513655805940989","0.714555344529019","0.560851243267627","0.683153102905792","0.969385591294917","0.985992177474744","0.763422154320063","0.520994293928404","0.682569436141157","0.587020719684022","",
"Azerbaijan","AZE","Intentional homicides, male (per 100,000 male)","VC.IHR.PSRC.MA.P5","","","","","","","","","","","","","","","","","","","","","","","","","","","","","","","","","","","","","","","","","","","","","","","","","","","3.21781237919237","","3.1308295393767","3.23793782387419","3.15264982333524","","2.48241259529527","",
"Burundi","BDI","Intentional homicides, male (per 100,000 male)","VC.IHR.PSRC.MA.P5","","","","","","","","","","","","","","","","","","","","","","","","","","","","","","","","","","","","","","","","","","","","","","","","","","","","","","8.96758694319341","9.50195561352708","7.63667454128111","9.87199621767163","",
"Belgium","BEL","Intentional homicides, male (per 100,000 male)","VC.IHR.PSRC.MA.P5","","","","","","","","","","","","","","","","","","","","","","","","","","","","","","","","","","","","","","","","","2.55561311489217","3.54513918016103","3.67973221000429","2.6580765030475","2.75364532436543","2.48932800658638","2.55600980016846","2.35452902591324","2.48721016864221","2.11579872195177","2.22522951187587","2.24947352352565","2.3470291092105","1.94005017499386","2.3177678286108","","","",
"Benin","BEN","Intentional homicides, male (per 100,000 male)","VC.IHR.PSRC.MA.P5","","","","","","","","","","","","","","","","","","","","","","","","","","","","","","","","","","","","","","","","","","","","","","","","","","","","","","","","9.99884900961545","","",
"Burkina Faso","BFA","Intentional homicides, male (per 100,000 male)","VC.IHR.PSRC.MA.P5","","","","","","","","","","","","","","","","","","","","","","","","","","","","","","","","","","","","","","","","","","","","","","","","","","","","","","","","0.552304553178332","","",
"Bangladesh","BGD","Intentional homicides, male (per 100,000 male)","VC.IHR.PSRC.MA.P5","","","","","","","","","","","","","","","","","","","","","","","","","","","","","","","","","","","","","","","","","","","","","","","","","","","","","","","","3.93331123986245","","",
"Bulgaria","BGR","Intentional homicides, male (per 100,000 male)","VC.IHR.PSRC.MA.P5","","","","","","","","","","","","","","","","","","","","","","","","","","","","","","","","","","","","","","","","","6.02128851947035","6.37221899588998","5.17864993205523","5.13683903994785","4.95844750463536","3.93148938457749","3.55736561983997","3.77416791137276","3.71986363417548","3.16795244214699","3.35631158554378","2.73653582488405","2.92299619476486","2.12144929495754","2.56207480233593","2.86524741411421","1.70172909018651","",
"Bahrain","BHR","Intentional homicides, male (per 100,000 male)","VC.IHR.PSRC.MA.P5","","","","","","","","","","","","","","","","","","","","","","","","","","","","","","","","","","","","","","","","","","","","","","","","","","","","0.66893673290501","","","","","","",
"Bahamas, The","BHS","Intentional homicides, male (per 100,000 male)","VC.IHR.PSRC.MA.P5","","","","","","","","","","","","","","","","","","","","","","","","","","","","","","","","","","","","","","","","","39.6672241519791","25.6469344322295","26.4192738764187","28.6000286000286","26.698705112802","27.3791893270942","34.1448840598267","41.8597697712663","38.737850401465","44.3988283322186","45.3548163980339","61.9264135680214","55.5024344137074","","","","","",
"Bosnia and Herzegovina","BIH","Intentional homicides, male (per 100,000 male)","VC.IHR.PSRC.MA.P5","","","","","","","","","","","","","","","","","","","","","","","","","","","","","","","","","","","","","","","","","4.27120531792095","2.86123341834256","3.50431704904157","","","","","","","3.04306314736414","2.51640174244409","1.93218686565615","2.17738666702398","1.80828556445634","2.22820218363814","2.24719489575609","1.73231245531898","",
"Belarus","BLR","Intentional homicides, male (per 100,000 male)","VC.IHR.PSRC.MA.P5","","","","","","","","","","","","","","","","","","","","","","","","","","","","","","","","","","","","","","","","","","","","","","","","9.6234602426445","8.17413030290178","6.55109685536017","6.01799220704073","5.8172457704533","4.86057972179768","5.21849379747978","5.07751138473256","","","",
"Belize","BLZ","Intentional homicides, male (per 100,000 male)","VC.IHR.PSRC.MA.P5","","","","","","","","","","","","","","","","","","","","","","","","","","","","","","","","","","","","","","","","","","","","","46.8272722033312","","","","","55.9935352918345","70.1662232389288","68.0731056531067","77.8992186292116","51.8065346085114","63.2731003819187","61.4161446294373","67.2259325054172","",
"Bermuda","BMU","Intentional homicides, male (per 100,000 male)","VC.IHR.PSRC.MA.P5","","","","","","","","","","","","","","","","","","","","","","","","","","","","","","","","","","","","","","","","","","","","","0","6.45324852627337","","","","16.3406091673866","23.0009736038315","19.8313997821449","19.95758447504","16.7394209314885","10.1062824977442","13.5574109806359","27.2357075104692","",
"Bolivia","BOL","Intentional homicides, male (per 100,000 male)","VC.IHR.PSRC.MA.P5","","","","","","","","","","","","","","","","","","","","","","","","","","","","","","","","","","","","","","","","","","","","","","","","","14.355384308787","","","","","","","8.00639021656355","8.28937338797154","",
"Brazil","BRA","Intentional homicides, male (per 100,000 male)","VC.IHR.PSRC.MA.P5","","","","","","","","","","","","","","","","","","","","","","","","","","","","","","","","","","","","","","","","","44.055078545172","46.0523324628979","47.2420964687467","47.9655849598964","44.8141248022401","43.4577403158843","44.4003706798897","43.6267611336961","44.3552667942054","42.5120601153473","40.8254461429571","44.8953699401778","49.2339438128893","49.8122342816841","52.2243027120296","53.1283259302644","","",
"Barbados","BRB","Intentional homicides, male (per 100,000 male)","VC.IHR.PSRC.MA.P5","","","","","","","","","","","","","","","","","","","","","","","","","","","","","","","","","","","","","","","","","11.5712169834609","15.7947593263247","13.4234365531683","16.829479127621","16.1095940565361","15.0852677755072","25.3592449927018","14.3346460851327","14.2750884679825","11.972463334331","17.1453703772727","18.5714816328047","14.8094395367607","12.5501081524026","16.1980282581966","20.562079119943","","",
"Brunei Darussalam","BRN","Intentional homicides, male (per 100,000 male)","VC.IHR.PSRC.MA.P5","","","","","","","","","","","","","","","","","","","","","","","","","","","","","","","","","","","","","","","","","1.18515709257262","","","","","","","","","","","","","","","","","",
"Bhutan","BTN","Intentional homicides, male (per 100,000 male)","VC.IHR.PSRC.MA.P5","","","","","","","","","","","","","","","","","","","","","","","","","","","","","","","","","","","","","","","","","","","","","","","","","","","","","","","","2.3898117545281","1.18055129376058","",
"Botswana","BWA","Intentional homicides, male (per 100,000 male)","VC.IHR.PSRC.MA.P5","","","","","","","","","","","","","","","","","","","","","","","","","","","","","","","","","","","","","","","","","","","","","","","","","","","27.8893374268874","","","","","","","",
"Central African Republic","CAF","Intentional homicides, male (per 100,000 male)","VC.IHR.PSRC.MA.P5","","","","","","","","","","","","","","","","","","","","","","","","","","","","","","","","","","","","","","","","","","","","","","","","","","","","","","","","","29.3956724186351","",
"Canada","CAN","Intentional homicides, male (per 100,000 male)","VC.IHR.PSRC.MA.P5","","","","","","","","","","","","","","","","","","","","","","","","","","","","","","","","","","","","","","","","","2.60754274760917","2.54840484856509","2.41628101747725","2.50458431497111","2.68377937009741","3.02378746122805","2.75533746242687","2.63193586088332","2.8184035596618","2.67253160089654","2.36926989993161","2.49187441769943","2.25827478664501","2.04705797456879","2.09667563964135","2.40268283074266","2.55607799032197","",
"Central Europe and the Baltics","CEB","Intentional homicides, male (per 100,000 male)","VC.IHR.PSRC.MA.P5","","","","","","","","","","","","","","","","","","","","","","","","","","","","","","","","","","","","","","","","","","","","","","","","","","","","","","","","","","",
"Switzerland","CHE","Intentional homicides, male (per 100,000 male)","VC.IHR.PSRC.MA.P5","","","","","","","","","","","","","","","","","","","","","","","","","","","","","","","","","","","","","","","","","0.864286060107502","1.40059188555691","1.03644437062791","0.941964812929659","1.10142355381063","1.03386614659064","0.609089240786249","0.67236903927543","0.769197730792377","0.630810520552727","0.674269662222019","0.588368617543515","0.706448283318056","0.622275831976565","0.417772945810425","0.655803165780482","0.481717923624775","",
"Channel Islands","CHI","Intentional homicides, male (per 100,000 male)","VC.IHR.PSRC.MA.P5","","","","","","","","","","","","","","","","","","","","","","","","","","","","","","","","","","","","","","","","","","","","","","","","","","","","","","","","","","",
"Chile","CHL","Intentional homicides, male (per 100,000 male)","VC.IHR.PSRC.MA.P5","","","","","","","","","","","","","","","","","","","","","","","","","","","","","","","","","","","","","","","","","","","","","","6.17233407125903","6.18072693275914","6.18921622829653","5.8827318048015","6.37166592580847","5.29112356354913","6.13628946231853","4.63303881833003","5.18170013200612","5.90487916152092","5.3089224456239","5.97733297032623","",
"China","CHN","Intentional homicides, male (per 100,000 male)","VC.IHR.PSRC.MA.P5","","","","","","","","","","","","","","","","","","","","","","","","","","","","","","","","","","","","","","","","","","","","","","","","","","","","","","","0.931583293403949","","","",
"Cote d'Ivoire","CIV","Intentional homicides, male (per 100,000 male)","VC.IHR.PSRC.MA.P5","","","","","","","","","","","","","","","","","","","","","","","","","","","","","","","","","","","","","","","","","","","","","","","","","","","","","","","","15.6268147129587","","",
"Cameroon","CMR","Intentional homicides, male (per 100,000 male)","VC.IHR.PSRC.MA.P5","","","","","","","","","","","","","","","","","","","","","","","","","","","","","","","","","","","","","","","","","","","","","","","","","","","","","6.81667710641845","","","","","",
"Congo, Dem. Rep.","COD","Intentional homicides, male (per 100,000 male)","VC.IHR.PSRC.MA.P5","","","","","","","","","","","","","","","","","","","","","","","","","","","","","","","","","","","","","","","","","","","","","","","","","","","","","","","","21.9957798904864","","",
"Congo, Rep.","COG","Intentional homicides, male (per 100,000 male)","VC.IHR.PSRC.MA.P5","","","","","","","","","","","","","","","","","","","","","","","","","","","","","","","","","","","","","","","","","","","","","","","","","","","","","","","","14.1347565158523","","",
"Colombia","COL","Intentional homicides, male (per 100,000 male)","VC.IHR.PSRC.MA.P5","","","","","","","","","","","","","","","","","","","","","","","","","","","","","","","","","","","","","","","","","123.192164730625","126.456610958149","127.243509614372","103.336242203632","88.041824913093","77.7461503749676","74.6539457378193","72.2039661360522","67.1585033214299","64.9854350841172","62.8641059823547","64.6084015665494","65.1596758352661","60.8622566079385","51.7210736416229","49.3355349150832","47.4693737126669","",
"Comoros","COM","Intentional homicides, male (per 100,000 male)","VC.IHR.PSRC.MA.P5","","","","","","","","","","","","","","","","","","","","","","","","","","","","","","","","","","","","","","","","","","","","","","","","","","","","","","","","11.6071298166897","","",
"Cabo Verde","CPV","Intentional homicides, male (per 100,000 male)","VC.IHR.PSRC.MA.P5","","","","","","","","","","","","","","","","","","","","","","","","","","","","","","","","","","","","","","","","","","","","","","","","","","","","18.0903340676519","17.9073104818523","18.1498015106814","19.0761060326278","14.6968492216323","","",
"Costa Rica","CRI","Intentional homicides, male (per 100,000 male)","VC.IHR.PSRC.MA.P5","","","","","","","","","","","","","","","","","","","","","","","","","","","","","","","","","","","","","","","","","10.5920694090403","11.3959770012677","10.994011184416","12.6713496348095","11.4885034004285","12.8547364429934","14.1665551706306","15.1595473870557","20.3628460951765","20.722715831977","20.467025908356","17.7953783232326","15.320047376281","15.9176459202437","17.8921907307532","","","",
"Caribbean small states","CSS","Intentional homicides, male (per 100,000 male)","VC.IHR.PSRC.MA.P5","","","","","","","","","","","","","","","","","","","","","","","","","","","","","","","","","","","","","","","","","","","","","","","","","","","","","","","","","","",
"Cuba","CUB","Intentional homicides, male (per 100,000 male)","VC.IHR.PSRC.MA.P5","","","","","","","","","","","","","","","","","","","","","","","","","","","","","","","","","","","","","","","","","7.72212643051498","7.94873599948672","8.4598594774686","8.66932277697024","9.09392002445805","9.1154288879954","7.81860414795482","7.56825988240089","6.96677044509021","7.26320113249524","6.67490315666561","7.06846991187974","8.47444839762744","9.22445604590453","7.75470539455033","8.36939875808584","7.85907729624086","",
"Curacao","CUW","Intentional homicides, male (per 100,000 male)","VC.IHR.PSRC.MA.P5","","","","","","","","","","","","","","","","","","","","","","","","","","","","","","","","","","","","","","","","","","13.0834396362804","54.5562756249173","68.1821961319076","56.5225342044453","32.9880583228871","24.3593491181916","36.5264896455342","","","","","","","","","","",
"Cayman Islands","CYM","Intentional homicides, male (per 100,000 male)","VC.IHR.PSRC.MA.P5","","","","","","","","","","","","","","","","","","","","","","","","","","","","","","","","","","","","","","","","","","","","","","","","","","","","","","","","","","",
"Cyprus","CYP","Intentional homicides, male (per 100,000 male)","VC.IHR.PSRC.MA.P5","","","","","","","","","","","","","","","","","","","","","","","","","","","","","","","","","","","","","","","","","","","","","2.34371795698106","3.45839929909774","2.08168139298549","1.86610683461628","1.28947164820266","2.18414131394301","1.25994909805644","0.534420225311567","2.99959064410033","1.57392736849837","1.04043656718359","2.2360013416008","1.36509940771082","",
"Czech Republic","CZE","Intentional homicides, male (per 100,000 male)","VC.IHR.PSRC.MA.P5","","","","","","","","","","","","","","","","","","","","","","","","","","","","","","","","","","","","","","","","","2.53717815046106","1.78110927485638","1.68415514758011","2.10776119828432","1.68789738831787","1.26087378553337","1.51317859091217","1.40330737807631","1.37211155815812","1.08930957419472","0.966855048704356","0.809075203925479","1.09580276780555","0.749174323452364","0.691298794893376","0.748502706700942","0.556267599365074","",
"Germany","DEU","Intentional homicides, male (per 100,000 male)","VC.IHR.PSRC.MA.P5","","","","","","","","","","","","","","","","","","","","","","","","","","","","","","","","","","","","","","","","","1.36592895602942","1.33848145374285","1.29295954463042","1.19800873639797","1.17782793542726","1.19774805324597","1.05593408242451","0.992475153887042","0.969275502311923","1.05130215873679","1.00866323198344","1.0075028992785","0.912204168481547","0.886817465885021","0.941219235924715","0.883371606963437","1.22675472429256","",
"Djibouti","DJI","Intentional homicides, male (per 100,000 male)","VC.IHR.PSRC.MA.P5","","","","","","","","","","","","","","","","","","","","","","","","","","","","","","","","","","","","","","","","","","","","","","","","","","","","","","","","10.6075169812791","","",
"Dominica","DMA","Intentional homicides, male (per 100,000 male)","VC.IHR.PSRC.MA.P5","","","","","","","","","","","","","","","","","","","","","","","","","","","","","","","","","","","","","","","","","","","","","","","","","","","","","","","","","","",
"Denmark","DNK","Intentional homicides, male (per 100,000 male)","VC.IHR.PSRC.MA.P5","","","","","","","","","","","","","","","","","","","","","","","","","","","","","","","","","","","","","","","","","1.14641359050158","1.24058601466145","1.64237199424869","1.3584321686474","1.01029378296604","1.36363957976745","0.716769337695244","0.844421193056963","1.35078836511616","1.15642990895291","0.725614895132321","1.11852504792519","1.11242848161407","1.24931376979359","1.49165737340446","1.16656909906929","1.16215223436344","",
"Dominican Republic","DOM","Intentional homicides, male (per 100,000 male)","VC.IHR.PSRC.MA.P5","","","","","","","","","","","","","","","","","","","","","","","","","","","","","","","","","","","","","","","","","","","","","","47.1779739851196","41.9197169553221","40.7708356063367","45.8407421260137","45.0014757719177","45.8198327144435","45.5693591628989","40.8067294975797","","31.2907582369595","","27.2629521111109","",
"Algeria","DZA","Intentional homicides, male (per 100,000 male)","VC.IHR.PSRC.MA.P5","","","","","","","","","","","","","","","","","","","","","","","","","","","","","","","","","","","","","","","","","","","","","","","","","","","","","","","2.48891937632268","2.32945415475284","","",
"East Asia & Pacific (excluding high income)","EAP","Intentional homicides, male (per 100,000 male)","VC.IHR.PSRC.MA.P5","","","","","","","","","","","","","","","","","","","","","","","","","","","","","","","","","","","","","","","","","","","","","","","","","","","","","","","","","","",
"Early-demographic dividend","EAR","Intentional homicides, male (per 100,000 male)","VC.IHR.PSRC.MA.P5","","","","","","","","","","","","","","","","","","","","","","","","","","","","","","","","","","","","","","","","","","","","","","","","","","","","","","","","","","",
"East Asia & Pacific","EAS","Intentional homicides, male (per 100,000 male)","VC.IHR.PSRC.MA.P5","","","","","","","","","","","","","","","","","","","","","","","","","","","","","","","","","","","","","","","","","","","","","","","","","","","","","","","","","","",
"Europe & Central Asia (excluding high income)","ECA","Intentional homicides, male (per 100,000 male)","VC.IHR.PSRC.MA.P5","","","","","","","","","","","","","","","","","","","","","","","","","","","","","","","","","","","","","","","","","","","","","","","","","","","","","","","","","","",
"Europe & Central Asia","ECS","Intentional homicides, male (per 100,000 male)","VC.IHR.PSRC.MA.P5","","","","","","","","","","","","","","","","","","","","","","","","","","","","","","","","","","","","","","","","","","","","","","","","","","","","","","","","","","",
"Ecuador","ECU","Intentional homicides, male (per 100,000 male)","VC.IHR.PSRC.MA.P5","","","","","","","","","","","","","","","","","","","","","","","","","","","","","","","","","","","","","","","","","26.6668967424645","23.436429227263","26.2664783003358","26.3528944982093","32.0977763791482","28.4261082492319","30.9218768482605","28.7360333946558","33.1066115867056","31.9483793890611","31.877777762908","27.5670044162525","21.9128689871055","18.7944532869737","14.1354114568013","10.8535929605281","9.51140624901768","",
"Egypt, Arab Rep.","EGY","Intentional homicides, male (per 100,000 male)","VC.IHR.PSRC.MA.P5","","","","","","","","","","","","","","","","","","","","","","","","","","","","","","","","","","","","","","","","","","","","","0.710796998509617","1.18584314106131","1.0274634902265","1.28847098344654","2.09684290203536","1.72733521186043","3.86662544150057","5.46761727601094","4.38454405152539","","","","","",
"Euro area","EMU","Intentional homicides, male (per 100,000 male)","VC.IHR.PSRC.MA.P5","","","","","","","","","","","","","","","","","","","","","","","","","","","","","","","","","","","","","","","","","","","","","","","","","","","","","","","","","","",
"Eritrea","ERI","Intentional homicides, male (per 100,000 male)","VC.IHR.PSRC.MA.P5","","","","","","","","","","","","","","","","","","","","","","","","","","","","","","","","","","","","","","","","","","","","","","","","","","","","","","","","12.6321597276926","","",
"Spain","ESP","Intentional homicides, male (per 100,000 male)","VC.IHR.PSRC.MA.P5","","","","","","","","","","","","","","","","","","","","","","","","","","","","","","","","","","","","","","","","","","2.18577470579577","2.08185905532252","1.98081961893555","1.55627666508677","1.78998217251436","1.4333475587578","1.40383051004861","1.23083162587839","1.19940550792831","1.05786129166189","1.11069112507357","1.0357285336767","0.785764294060949","0.854834353626501","0.794968071710512","0.794757210636495","",
"Estonia","EST","Intentional homicides, male (per 100,000 male)","VC.IHR.PSRC.MA.P5","","","","","","","","","","","","","","","","","","","","","","","","","","","","","","","","","","","","","","","","","17.9923235011377","16.5145975380526","17.0420378952048","16.781379594299","11.8490599897653","13.4162227737207","10.5567787207823","12.2952000691605","10.7706348677166","7.78536294567629","8.63919265711946","8.23733872582906","7.44329343080811","5.51065095374781","5.19449318790917","5.20165347559856","","",
"Ethiopia","ETH","Intentional homicides, male (per 100,000 male)","VC.IHR.PSRC.MA.P5","","","","","","","","","","","","","","","","","","","","","","","","","","","","","","","","","","","","","","","","","","","","","","","","","","","","","","","","11.2718687042562","","",
"European Union","EUU","Intentional homicides, male (per 100,000 male)","VC.IHR.PSRC.MA.P5","","","","","","","","","","","","","","","","","","","","","","","","","","","","","","","","","","","","","","","","","","","","","","","","","","","","","","","","","","",
"Fragile and conflict affected situations","FCS","Intentional homicides, male (per 100,000 male)","VC.IHR.PSRC.MA.P5","","","","","","","","","","","","","","","","","","","","","","","","","","","","","","","","","","","","","","","","","","","","","","","","","","","","","","","","","","",
"Finland","FIN","Intentional homicides, male (per 100,000 male)","VC.IHR.PSRC.MA.P5","","","","","","","","","","","","","","","","","","","","","","","","","","","","","","","","","","","","","","","","","4.03603866645489","4.2673259761995","3.46719140765041","2.84964353488882","4.48440985166352","3.26339565642038","3.17276191633272","3.12030028845443","3.41255313421917","3.28173254108748","3.45569926454365","2.75862173211969","1.80497541473071","2.4322942821626","2.27166084475991","2.446401565697","1.99445800642259","",
"Fiji","FJI","Intentional homicides, male (per 100,000 male)","VC.IHR.PSRC.MA.P5","","","","","","","","","","","","","","","","","","","","","","","","","","","","","","","","","","","","","","","","","","","","","","3.34089808113132","2.36887674971159","0.704066689196801","1.62585763990505","4.8281966685443","3.18963278213441","2.48670179698114","2.91895411628664","2.45479275970034","1.77461895603603","","","",
"France","FRA","Intentional homicides, male (per 100,000 male)","VC.IHR.PSRC.MA.P5","","","","","","","","","","","","","","","","","","","","","","","","","","","","","","","","","","","","","","","","","","","","","","","","","","","","","","","","1.99927791283569","1.67224395112989","",
"Faroe Islands","FRO","Intentional homicides, male (per 100,000 male)","VC.IHR.PSRC.MA.P5","","","","","","","","","","","","","","","","","","","","","","","","","","","","","","","","","","","","","","","","","","","","","","","","","","","","","","","","","","",
"Micronesia, Fed. Sts.","FSM","Intentional homicides, male (per 100,000 male)","VC.IHR.PSRC.MA.P5","","","","","","","","","","","","","","","","","","","","","","","","","","","","","","","","","","","","","","","","","","","","","","","","","","","","","","","","6.87450436745741","","",
"Gabon","GAB","Intentional homicides, male (per 100,000 male)","VC.IHR.PSRC.MA.P5","","","","","","","","","","","","","","","","","","","","","","","","","","","","","","","","","","","","","","","","","","","","","","","","","","","","","","","","12.6454180420137","","",
"United Kingdom","GBR","Intentional homicides, male (per 100,000 male)","VC.IHR.PSRC.MA.P5","","","","","","","","","","","","","","","","","","","","","","","","","","","","","","","","","","","","","","","","","","","","","","1.76798017261202","1.75010751019539","1.73987249880843","1.51567648609374","1.56100151463717","1.49372743947227","1.42402776271049","1.21169093915198","1.17287473535562","1.14368126070402","1.21547642562593","1.54073579038045","",
"Georgia","GEO","Intentional homicides, male (per 100,000 male)","VC.IHR.PSRC.MA.P5","","","","","","","","","","","","","","","","","","","","","","","","","","","","","","","","","","","","","","","","","","","","","12.3245064586299","15.6171486672344","13.2513465846799","13.7214167242404","10.6998842953421","8.69706018513143","7.90998339400971","","","","3.91322430358051","","0.265833398999754","",
"Ghana","GHA","Intentional homicides, male (per 100,000 male)","VC.IHR.PSRC.MA.P5","","","","","","","","","","","","","","","","","","","","","","","","","","","","","","","","","","","","","","","","","","","","","","","","","","","","2.39186453093664","","","","","","",
"Gibraltar","GIB","Intentional homicides, male (per 100,000 male)","VC.IHR.PSRC.MA.P5","","","","","","","","","","","","","","","","","","","","","","","","","","","","","","","","","","","","","","","","","","","","","","","","","","","","","","","","","","",
"Guinea","GIN","Intentional homicides, male (per 100,000 male)","VC.IHR.PSRC.MA.P5","","","","","","","","","","","","","","","","","","","","","","","","","","","","","","","","","","","","","","","","","","","","","","","","","","","","","","","","13.7902955981057","","",
"Gambia, The","GMB","Intentional homicides, male (per 100,000 male)","VC.IHR.PSRC.MA.P5","","","","","","","","","","","","","","","","","","","","","","","","","","","","","","","","","","","","","","","","","","","","","","","","","","","","","","","","16.6126579677274","","",
"Guinea-Bissau","GNB","Intentional homicides, male (per 100,000 male)","VC.IHR.PSRC.MA.P5","","","","","","","","","","","","","","","","","","","","","","","","","","","","","","","","","","","","","","","","","","","","","","","","","","","","","","","","10.5810576722965","","",
"Equatorial Guinea","GNQ","Intentional homicides, male (per 100,000 male)","VC.IHR.PSRC.MA.P5","","","","","","","","","","","","","","","","","","","","","","","","","","","","","","","","","","","","","","","","","","","","","","","","","","","","","","","","3.436808335653","","",
"Greece","GRC","Intentional homicides, male (per 100,000 male)","VC.IHR.PSRC.MA.P5","","","","","","","","","","","","","","","","","","","","","","","","","","","","","","","","","","","","","","","","","","1.73488397454909","1.26577687639303","1.59551391682532","1.4558673951595","1.5659906359076","1.56897061086266","1.68922613350185","1.96892888317564","2.24986425523736","2.51679562290249","2.70075685157138","2.26600953579635","1.84729969621784","1.44215082373852","1.14059271715256","1.05223103445708","",
"Grenada","GRD","Intentional homicides, male (per 100,000 male)","VC.IHR.PSRC.MA.P5","","","","","","","","","","","","","","","","","","","","","","","","","","","","","","","","","","","","","","","","","","","","","","15.6317167532924","17.516543402102","17.4401705261118","27.0124257158293","7.6837373698567","15.2975370965275","5.71004396733855","17.0477146591404","7.54019868423533","9.37787197329182","7.46491489997014","14.8601080531606","",
"Greenland","GRL","Intentional homicides, male (per 100,000 male)","VC.IHR.PSRC.MA.P5","","","","","","","","","","","","","","","","","","","","","","","","","","","","","","","","","","","","","","","","","","","","","","","","","","","","","","","","","","",
"Guatemala","GTM","Intentional homicides, male (per 100,000 male)","VC.IHR.PSRC.MA.P5","","","","","","","","","","","","","","","","","","","","","","","","","","","","","","","","","","","","","","","","","","","","","63.90604249959","75.0484584159139","80.3757482537828","77.2196407137171","81.5286601968353","82.19708921585","73.2650583699172","68.7393296792165","61.0460348655195","59.9771280958351","55.7776118013576","","","",
"Guam","GUM","Intentional homicides, male (per 100,000 male)","VC.IHR.PSRC.MA.P5","","","","","","","","","","","","","","","","","","","","","","","","","","","","","","","","","","","","","","","","","","","","","","","","","","","","3.59452763835056","","","","","","",
"Guyana","GUY","Intentional homicides, male (per 100,000 male)","VC.IHR.PSRC.MA.P5","","","","","","","","","","","","","","","","","","","","","","","","","","","","","","","","","","","","","","","","","","","","","","30.2998086327876","34.6111964558135","23.2278734481378","32.1285140562249","23.5918608080212","29.1862915469538","25.5997952016384","29.6701317141919","32.8424482074592","","31.262110838393","33.9076586220404","",
"High income","HIC","Intentional homicides, male (per 100,000 male)","VC.IHR.PSRC.MA.P5","","","","","","","","","","","","","","","","","","","","","","","","","","","","","","","","","","","","","","","","","","","","","","","","","","","","","","","","","","",
"Hong Kong SAR, China","HKG","Intentional homicides, male (per 100,000 male)","VC.IHR.PSRC.MA.P5","","","","","","","","","","","","","","","","","","","","","","","","","","","","","","","","","","","","","","","","","","","","","0.762216268805019","0.641034642122569","0.518969875325119","0.213526605415035","0.335037047482973","0.668806848582129","0.485409206028297","0.242168571120671","0.452907302556571","0.752559152654517","","","","",
"Honduras","HND","Intentional homicides, male (per 100,000 male)","VC.IHR.PSRC.MA.P5","","","","","","","","","","","","","","","","","","","","","","","","","","","","","","","","","","","","","","","","","","","","","","","77.4560566684551","85.023961775855","105.665314602885","122.816735269779","143.308344583122","159.095258279769","154.89622825561","137.684802675136","122.868141649551","104.53576159885","103.100003429205","",
"Heavily indebted poor countries (HIPC)","HPC","Intentional homicides, male (per 100,000 male)","VC.IHR.PSRC.MA.P5","","","","","","","","","","","","","","","","","","","","","","","","","","","","","","","","","","","","","","","","","","","","","","","","","","","","","","","","","","",
"Croatia","HRV","Intentional homicides, male (per 100,000 male)","VC.IHR.PSRC.MA.P5","","","","","","","","","","","","","","","","","","","","","","","","","","","","","","","","","","","","","","","","","3.22848073126712","2.50154802586168","1.95709196509192","2.222708180781","2.17926852378245","1.94460161990058","1.99517547568309","1.80856871299871","2.24197171394921","1.19566480637165","1.43905805016269","1.34768489394442","1.594511787066","1.21318293100143","0.926324986007617","1.07788608899811","1.1825804591521","",
"Haiti","HTI","Intentional homicides, male (per 100,000 male)","VC.IHR.PSRC.MA.P5","","","","","","","","","","","","","","","","","","","","","","","","","","","","","","","","","","","","","","","","","","","","","","","","","","","","","15.6598297211649","","","","","",
"Hungary","HUN","Intentional homicides, male (per 100,000 male)","VC.IHR.PSRC.MA.P5","","","","","","","","","","","","","","","","","","","","","","","","","","","","","","","","","","","","","","","","","2.41836863623869","3.48683790988283","2.3985542059279","2.84511864906065","2.52006261418383","1.82883524140592","2.08713741519973","1.91375485010673","2.34201574129968","1.60860723399139","1.63460991414264","2.1925819206081","1.40857364631271","1.77577331718735","1.69440776802314","2.55895708091379","2.58907022860562","",
"IBRD only","IBD","Intentional homicides, male (per 100,000 male)","VC.IHR.PSRC.MA.P5","","","","","","","","","","","","","","","","","","","","","","","","","","","","","","","","","","","","","","","","","","","","","","","","","","","","","","","","","","",
"IDA & IBRD total","IBT","Intentional homicides, male (per 100,000 male)","VC.IHR.PSRC.MA.P5","","","","","","","","","","","","","","","","","","","","","","","","","","","","","","","","","","","","","","","","","","","","","","","","","","","","","","","","","","",
"IDA total","IDA","Intentional homicides, male (per 100,000 male)","VC.IHR.PSRC.MA.P5","","","","","","","","","","","","","","","","","","","","","","","","","","","","","","","","","","","","","","","","","","","","","","","","","","","","","","","","","","",
"IDA blend","IDB","Intentional homicides, male (per 100,000 male)","VC.IHR.PSRC.MA.P5","","","","","","","","","","","","","","","","","","","","","","","","","","","","","","","","","","","","","","","","","","","","","","","","","","","","","","","","","","",
"Indonesia","IDN","Intentional homicides, male (per 100,000 male)","VC.IHR.PSRC.MA.P5","","","","","","","","","","","","","","","","","","","","","","","","","","","","","","","","","","","","","","","","","","","","","","","","","","","","","","","0.735038177329734","","","",
"IDA only","IDX","Intentional homicides, male (per 100,000 male)","VC.IHR.PSRC.MA.P5","","","","","","","","","","","","","","","","","","","","","","","","","","","","","","","","","","","","","","","","","","","","","","","","","","","","","","","","","","",
"Isle of Man","IMN","Intentional homicides, male (per 100,000 male)","VC.IHR.PSRC.MA.P5","","","","","","","","","","","","","","","","","","","","","","","","","","","","","","","","","","","","","","","","","","","","","","","","","","","","","","","","","","",
"India","IND","Intentional homicides, male (per 100,000 male)","VC.IHR.PSRC.MA.P5","","","","","","","","","","","","","","","","","","","","","","","","","","","","","","","","","","","","","","","","","6.44273622497863","6.02914341906377","5.88791709450049","5.19998499113449","5.24726752775436","5.02932238103496","4.86575576228396","4.67032507489686","4.67206716138262","4.44122069654956","4.477722252654","4.46898456154509","4.43141568235523","4.21843509744759","4.3339558803351","4.02084227555893","3.73595103718185","",
"Not classified","INX","Intentional homicides, male (per 100,000 male)","VC.IHR.PSRC.MA.P5","","","","","","","","","","","","","","","","","","","","","","","","","","","","","","","","","","","","","","","","","","","","","","","","","","","","","","","","","","",
"Ireland","IRL","Intentional homicides, male (per 100,000 male)","VC.IHR.PSRC.MA.P5","","","","","","","","","","","","","","","","","","","","","","","","","","","","","","","","","","","","","","","","","1.52594590568505","2.27125343385771","2.0749805488178","1.42451693750639","1.21278331831099","2.08091742446951","2.12893994563915","3.04435785515882","1.79623231454157","2.00686976606797","1.99657461312343","1.74510293952895","1.72283104615366","1.89210039484695","","","","",
"Iran, Islamic Rep.","IRN","Intentional homicides, male (per 100,000 male)","VC.IHR.PSRC.MA.P5","","","","","","","","","","","","","","","","","","","","","","","","","","","","","","","","","","","","","","","","","","","","","","","","","","","","","","4.47133262617881","4.33499092121805","","","",
"Iraq","IRQ","Intentional homicides, male (per 100,000 male)","VC.IHR.PSRC.MA.P5","","","","","","","","","","","","","","","","","","","","","","","","","","","","","","","","","","","","","","","","","","","","","","","","","26.9712844978059","10.6027581996649","14.2060292455641","13.3642574672753","13.1978867372706","16.3289546589264","","","","",
"Iceland","ISL","Intentional homicides, male (per 100,000 male)","VC.IHR.PSRC.MA.P5","","","","","","","","","","","","","","","","","","","","","","","","","","","","","","","","","","","","","","","","","","","","","","2.02831528132733","","1.30383196213672","","0.628168323984095","1.23929558438983","1.22794307255916","0","0.608446453669845","0","1.81066481576486","0","",
"Israel","ISR","Intentional homicides, male (per 100,000 male)","VC.IHR.PSRC.MA.P5","","","","","","","","","","","","","","","","","","","","","","","","","","","","","","","","","","","","","","","","","3.72676918056368","5.34846298780855","","4.49002717198856","3.97344505462893","3.5080764650435","4.12058105254326","2.94750184542073","3.01951932106997","2.89677012525059","3.07734565897664","3.10107299537911","2.87172678750456","","2.40347496155808","","","",
"Italy","ITA","Intentional homicides, male (per 100,000 male)","VC.IHR.PSRC.MA.P5","","","","","","","","","","","","","","","","","","","","","","","","","","","","","","","","","","","","","","","","","2.07015313565951","1.92690026746186","1.64251904257114","1.84504545606927","","1.65618100156239","1.55419699041876","1.66845747957159","1.6155310918723","1.4389257291066","1.2907643213704","1.32911344706774","1.26574528352372","1.11345323144811","1.13164369728973","1.15004754334999","0.86774798675843","",
"Jamaica","JAM","Intentional homicides, male (per 100,000 male)","VC.IHR.PSRC.MA.P5","","","","","","","","","","","","","","","","","","","","","","","","","","","","","","","","","","","","","","","","","","","","","","109.548781232998","86.9573491769428","104.255182930378","105.132018773368","109.755834597167","93.0713325284307","72.1226169840939","68.8185441904263","75.5090515682405","63.5580126638462","76.4146150648754","85.0576377159466","",
"Jordan","JOR","Intentional homicides, male (per 100,000 male)","VC.IHR.PSRC.MA.P5","","","","","","","","","","","","","","","","","","","","","","","","","","","","","","","","","","","","","","","","","","","","","","","","2.60915789271834","2.70678157054685","1.89317393191286","2.12944456714535","2.93056936553951","3.34812993402953","","","","2.27496707743629","",
"Japan","JPN","Intentional homicides, male (per 100,000 male)","VC.IHR.PSRC.MA.P5","","","","","","","","","","","","","","","","","","","","","","","","","","","","","","","","","","","","","","","","","","","","","0.582279719922818","0.515181238295031","0.468905352217619","0.464061688165198","0.500630389017943","0.402185268090341","0.362599433352507","0.331001897070536","0.30102135590435","0.285406224658737","0.301765678886479","0.231903728413801","0.264501944788796","",
"Kazakhstan","KAZ","Intentional homicides, male (per 100,000 male)","VC.IHR.PSRC.MA.P5","","","","","","","","","","","","","","","","","","","","","","","","","","","","","","","","","","","","","","","","","","","","","","","","","18.6927913528494","17.3307676123126","13.1574482321272","13.5504636779883","12.0918260599371","10.0857129512441","8.26776698834186","7.00401427748532","","",
"Kenya","KEN","Intentional homicides, male (per 100,000 male)","VC.IHR.PSRC.MA.P5","","","","","","","","","","","","","","","","","","","","","","","","","","","","","","","","","","","","","","","","","","","","","","","","","","","","","","","7.79253879076308","7.0273109271414","7.15483059237521","",
"Kyrgyz Republic","KGZ","Intentional homicides, male (per 100,000 male)","VC.IHR.PSRC.MA.P5","","","","","","","","","","","","","","","","","","","","","","","","","","","","","","","","","","","","","","","","","14.5499742292829","12.9521807928934","13.4365138883774","13.1590712786447","13.2469707429918","13.0594768235068","13.2980978023253","12.6743648603958","13.0429709120494","10.9091818189394","","","","","","","","",
"Cambodia","KHM","Intentional homicides, male (per 100,000 male)","VC.IHR.PSRC.MA.P5","","","","","","","","","","","","","","","","","","","","","","","","","","","","","","","","","","","","","","","","","","","","","","","","","","","","3.18100334782664","","","","","","",
"Kiribati","KIR","Intentional homicides, male (per 100,000 male)","VC.IHR.PSRC.MA.P5","","","","","","","","","","","","","","","","","","","","","","","","","","","","","","","","","","","","","","","","","","","","","","","","","","","","","12.2370005353824","","","","","",
"St. Kitts and Nevis","KNA","Intentional homicides, male (per 100,000 male)","VC.IHR.PSRC.MA.P5","","","","","","","","","","","","","","","","","","","","","","","","","","","","","","","","","","","","","","","","","","","","","","","","","","","","","","","","","","",
"Korea, Rep.","KOR","Intentional homicides, male (per 100,000 male)","VC.IHR.PSRC.MA.P5","","","","","","","","","","","","","","","","","","","","","","","","","","","","","","","","","","","","","","","","","","","","","","","","","","","","0.814445129653486","","0.644869211567377","0.715500225697044","0.686892439673431","0.639186985514463","",
"Kuwait","KWT","Intentional homicides, male (per 100,000 male)","VC.IHR.PSRC.MA.P5","","","","","","","","","","","","","","","","","","","","","","","","","","","","","","","","","","","","","","","","","","","","1.87606554660342","2.45316749921039","1.8597357538662","2.78646862257711","3.20335657243573","1.74588907784725","2.26173258496474","2.71114951585792","2.60798129208086","2.6085635561166","","","","","",
"Latin America & Caribbean (excluding high income)","LAC","Intentional homicides, male (per 100,000 male)","VC.IHR.PSRC.MA.P5","","","","","","","","","","","","","","","","","","","","","","","","","","","","","","","","","","","","","","","","","","","","","","","","","","","","","","","","","","",
"Lao PDR","LAO","Intentional homicides, male (per 100,000 male)","VC.IHR.PSRC.MA.P5","","","","","","","","","","","","","","","","","","","","","","","","","","","","","","","","","","","","","","","","","","","","","","","","","","","","","","","","10.8434364721855","","",
"Lebanon","LBN","Intentional homicides, male (per 100,000 male)","VC.IHR.PSRC.MA.P5","","","","","","","","","","","","","","","","","","","","","","","","","","","","","","","","","","","","","","","","","","","","","","","","","","","","","","","","6.64241011806448","","",
"Liberia","LBR","Intentional homicides, male (per 100,000 male)","VC.IHR.PSRC.MA.P5","","","","","","","","","","","","","","","","","","","","","","","","","","","","","","","","","","","","","","","","","","","","","","","","","","","","","5.0515630458281","","","","","",
"Libya","LBY","Intentional homicides, male (per 100,000 male)","VC.IHR.PSRC.MA.P5","","","","","","","","","","","","","","","","","","","","","","","","","","","","","","","","","","","","","","","","","","","","","","","","","","","","","","","","4.00012965024223","","",
"St. Lucia","LCA","Intentional homicides, male (per 100,000 male)","VC.IHR.PSRC.MA.P5","","","","","","","","","","","","","","","","","","","","","","","","","","","","","","","","","","","","","","","","","26.7186852362304","","45.2345228262692","43.0252100840337","41.711096610592","","","","","39.2222010322181","45.4631335317179","45.3437170978316","38.0959703349295","32.5059787782396","39.3227239082161","","","",
"Latin America & Caribbean","LCN","Intentional homicides, male (per 100,000 male)","VC.IHR.PSRC.MA.P5","","","","","","","","","","","","","","","","","","","","","","","","","","","","","","","","","","","","","","","","","","","","","","","","","","","","","","","","","","",
"Least developed countries: UN classification","LDC","Intentional homicides, male (per 100,000 male)","VC.IHR.PSRC.MA.P5","","","","","","","","","","","","","","","","","","","","","","","","","","","","","","","","","","","","","","","","","","","","","","","","","","","","","","","","","","",
"Low income","LIC","Intentional homicides, male (per 100,000 male)","VC.IHR.PSRC.MA.P5","","","","","","","","","","","","","","","","","","","","","","","","","","","","","","","","","","","","","","","","","","","","","","","","","","","","","","","","","","",
"Liechtenstein","LIE","Intentional homicides, male (per 100,000 male)","VC.IHR.PSRC.MA.P5","","","","","","","","","","","","","","","","","","","","","","","","","","","","","","","","","","","","","","","","","","","","","","","","","","","","","","","","","","",
"Sri Lanka","LKA","Intentional homicides, male (per 100,000 male)","VC.IHR.PSRC.MA.P5","","","","","","","","","","","","","","","","","","","","","","","","","","","","","","","","","","","","","","","","","","","","","","","","","16.9446855961254","9.1492709685259","6.05358470394461","5.54634769455462","5.10441768651416","4.76686502737571","4.30109255790396","3.76797227574101","3.99421199711266","",
"Lower middle income","LMC","Intentional homicides, male (per 100,000 male)","VC.IHR.PSRC.MA.P5","","","","","","","","","","","","","","","","","","","","","","","","","","","","","","","","","","","","","","","","","","","","","","","","","","","","","","","","","","",
"Low & middle income","LMY","Intentional homicides, male (per 100,000 male)","VC.IHR.PSRC.MA.P5","","","","","","","","","","","","","","","","","","","","","","","","","","","","","","","","","","","","","","","","","","","","","","","","","","","","","","","","","","",
"Lesotho","LSO","Intentional homicides, male (per 100,000 male)","VC.IHR.PSRC.MA.P5","","","","","","","","","","","","","","","","","","","","","","","","","","","","","","","","","","","","","","","","","","","","","","","","","","","","","","","","75.591393009021","","",
"Late-demographic dividend","LTE","Intentional homicides, male (per 100,000 male)","VC.IHR.PSRC.MA.P5","","","","","","","","","","","","","","","","","","","","","","","","","","","","","","","","","","","","","","","","","","","","","","","","","","","","","","","","","","",
"Lithuania","LTU","Intentional homicides, male (per 100,000 male)","VC.IHR.PSRC.MA.P5","","","","","","","","","","","","","","","","","","","","","","","","","","","","","","","","","","","","","","","","","16.3586874065112","16.2465845975775","13.8886673470426","15.1063504638177","13.5377254460299","17.5080620763789","13.9054909715499","13.5905325035816","14.6198042428424","12.8721894293307","10.0142424781912","10.2343381100636","10.665330517877","10.0063953918374","7.77462962324585","9.11003140368549","7.96819811230981","",
"Luxembourg","LUX","Intentional homicides, male (per 100,000 male)","VC.IHR.PSRC.MA.P5","","","","","","","","","","","","","","","","","","","","","","","","","","","","","","","","","","","","","","","","","","2.3054436134601","","","0.448818932977869","","2.17448029920849","1.70420170931431","","2.03191735785722","1.98179130152162","1.54533829386926","0","","0.717383272774229","","","",
"Latvia","LVA","Intentional homicides, male (per 100,000 male)","VC.IHR.PSRC.MA.P5","","","","","","","","","","","","","","","","","","","","","","","","","","","","","","","","","","","","","","","","","","","","","","","","","","","","","3.48516323765328","2.77876043771889","2.9656485224583","4.10692327531754","","",
"Macao SAR, China","MAC","Intentional homicides, male (per 100,000 male)","VC.IHR.PSRC.MA.P5","","","","","","","","","","","","","","","","","","","","","","","","","","","","","","","","","","","","","","","","","","","","","","","","","0.406735540551533","0.794612527066489","0.776138400999666","0.379016149878146","1.11065039687241","0","0","0","0.341128528134947","",
"St. Martin (French part)","MAF","Intentional homicides, male (per 100,000 male)","VC.IHR.PSRC.MA.P5","","","","","","","","","","","","","","","","","","","","","","","","","","","","","","","","","","","","","","","","","","","","","","","","","","","","","","","","","","",
"Morocco","MAR","Intentional homicides, male (per 100,000 male)","VC.IHR.PSRC.MA.P5","","","","","","","","","","","","","","","","","","","","","","","","","","","","","","","","","","","","","","","","","","","","","","","","","","2.40469682027546","","","1.98796823263241","2.17268305348517","","1.93955893036229","","",
"Monaco","MCO","Intentional homicides, male (per 100,000 male)","VC.IHR.PSRC.MA.P5","","","","","","","","","","","","","","","","","","","","","","","","","","","","","","","","","","","","","","","","","","","","","","","","","","","","","","","","","","",
"Moldova","MDA","Intentional homicides, male (per 100,000 male)","VC.IHR.PSRC.MA.P5","","","","","","","","","","","","","","","","","","","","","","","","","","","","","","","","","","","","","","","","","15.5523539091335","14.5154970553032","13.7284916096671","10.6019781019531","9.25800591910777","9.8430980046132","9.36420096179406","7.52418849859616","7.34594539277503","8.89167551176674","10.8466994715671","12.6474666563311","8.47304499799403","5.77141616762644","4.1917254317605","","","",
"Madagascar","MDG","Intentional homicides, male (per 100,000 male)","VC.IHR.PSRC.MA.P5","","","","","","","","","","","","","","","","","","","","","","","","","","","","","","","","","","","","","","","","","","","","","","","","","","","","","","","","12.1460480047442","","",
"Maldives","MDV","Intentional homicides, male (per 100,000 male)","VC.IHR.PSRC.MA.P5","","","","","","","","","","","","","","","","","","","","","","","","","","","","","","","","","","","","","","","","","","","","","","","","","","","","","","1.08149371674921","","","","",
"Middle East & North Africa","MEA","Intentional homicides, male (per 100,000 male)","VC.IHR.PSRC.MA.P5","","","","","","","","","","","","","","","","","","","","","","","","","","","","","","","","","","","","","","","","","","","","","","","","","","","","","","","","","","",
"Mexico","MEX","Intentional homicides, male (per 100,000 male)","VC.IHR.PSRC.MA.P5","","","","","","","","","","","","","","","","","","","","","","","","","","","","","","","","","","","","","","","","","18.7131930886401","17.5898929384771","16.9834501597451","16.6846128554097","15.272424764926","15.9879595942806","16.7090547454753","13.9652688389445","22.2608078299999","31.1045890077142","39.9934027815409","41.3217379793133","38.5462566287864","33.4360484567167","28.4529299266619","29.3073475165178","34.2476029355537","",
"Marshall Islands","MHL","Intentional homicides, male (per 100,000 male)","VC.IHR.PSRC.MA.P5","","","","","","","","","","","","","","","","","","","","","","","","","","","","","","","","","","","","","","","","","","","","","","","","","","","","","","","","","","",
"Middle income","MIC","Intentional homicides, male (per 100,000 male)","VC.IHR.PSRC.MA.P5","","","","","","","","","","","","","","","","","","","","","","","","","","","","","","","","","","","","","","","","","","","","","","","","","","","","","","","","","","",
"Macedonia, FYR","MKD","Intentional homicides, male (per 100,000 male)","VC.IHR.PSRC.MA.P5","","","","","","","","","","","","","","","","","","","","","","","","","","","","","","","","","","","","","","","","","3.47700996827558","","5.00318380569466","5.16275313753046","3.57310574351226","3.36894731451947","3.58896809407364","3.00412340163676","2.51746735038498","2.22518052986386","2.70664772013263","2.51104376362966","1.73674932628599","1.44584305662789","2.21472638981303","","","",
"Mali","MLI","Intentional homicides, male (per 100,000 male)","VC.IHR.PSRC.MA.P5","","","","","","","","","","","","","","","","","","","","","","","","","","","","","","","","","","","","","","","","","","","","","","","","","","","","","","","","16.7025569530794","","",
"Malta","MLT","Intentional homicides, male (per 100,000 male)","VC.IHR.PSRC.MA.P5","","","","","","","","","","","","","","","","","","","","","","","","","","","","","","","","","","","","","","","","","","","","","1.48742383150463","0.987639689288554","0","1.46968049146116","2.43900059511614","0.48543453672555","1.44812106292086","0","4.28404146952142","3.30667523253013","2.34519375990844","0.932396585563704","","",
"Myanmar","MMR","Intentional homicides, male (per 100,000 male)","VC.IHR.PSRC.MA.P5","","","","","","","","","","","","","","","","","","","","","","","","","","","","","","","","","","","","","","","","","","","","","","","","","","3.07737436608865","2.65544820145881","3.8706251448698","4.80147449866579","4.10056398281171","4.03855431114095","3.74709595179617","3.84078829884315","",
"Middle East & North Africa (excluding high income)","MNA","Intentional homicides, male (per 100,000 male)","VC.IHR.PSRC.MA.P5","","","","","","","","","","","","","","","","","","","","","","","","","","","","","","","","","","","","","","","","","","","","","","","","","","","","","","","","","","",
"Montenegro","MNE","Intentional homicides, male (per 100,000 male)","VC.IHR.PSRC.MA.P5","","","","","","","","","","","","","","","","","","","","","","","","","","","","","","","","","","","","","","","","","","","","","","","","2.95487899770504","6.21603672041903","4.66831267913723","2.6006703227757","5.83799562150328","4.53295947210449","2.91036088474971","5.16887689996608","4.51862156221658","8.06585720745815","",
"Mongolia","MNG","Intentional homicides, male (per 100,000 male)","VC.IHR.PSRC.MA.P5","","","","","","","","","","","","","","","","","","","","","","","","","","","","","","","","","","","","","","","","","","","","","","","","17.6268101452775","12.4882013312576","12.0798751544903","12.779600191694","15.0416895760361","10.1785474926008","10.4801306569846","10.978236853734","9.56615778325665","8.81780546070038","",
"Northern Mariana Islands","MNP","Intentional homicides, male (per 100,000 male)","VC.IHR.PSRC.MA.P5","","","","","","","","","","","","","","","","","","","","","","","","","","","","","","","","","","","","","","","","","","","","","","","","","","","","","","","","","","",
"Mozambique","MOZ","Intentional homicides, male (per 100,000 male)","VC.IHR.PSRC.MA.P5","","","","","","","","","","","","","","","","","","","","","","","","","","","","","","","","","","","","","","","","","","","","","","","","","","","","5.8359444388051","","","","","","",
"Mauritania","MRT","Intentional homicides, male (per 100,000 male)","VC.IHR.PSRC.MA.P5","","","","","","","","","","","","","","","","","","","","","","","","","","","","","","","","","","","","","","","","","","","","","","","","","","","","","","","","14.6461141750129","","",
"Mauritius","MUS","Intentional homicides, male (per 100,000 male)","VC.IHR.PSRC.MA.P5","","","","","","","","","","","","","","","","","","","","","","","","","","","","","","","","","","","","","","","","","2.48854418888774","","","4.67904954263204","4.64783518776424","3.93719567458875","6.12843659253501","5.35129227019209","4.95900617508974","3.56781442175459","4.04152750340297","4.19290592570493","3.05839933037151","3.85773322810294","1.76585132495036","2.40463613847498","2.07917900104653","",
"Malawi","MWI","Intentional homicides, male (per 100,000 male)","VC.IHR.PSRC.MA.P5","","","","","","","","","","","","","","","","","","","","","","","","","","","","","","","","","","","","","","","","","","","","","","","","","","","","","2.71711797870748","","","","","",
"Malaysia","MYS","Intentional homicides, male (per 100,000 male)","VC.IHR.PSRC.MA.P5","","","","","","","","","","","","","","","","","","","","","","","","","","","","","","","","","","","","","","","","","","","","","","","","","","","3.02603895095332","","","","","","","",
"North America","NAC","Intentional homicides, male (per 100,000 male)","VC.IHR.PSRC.MA.P5","","","","","","","","","","","","","","","","","","","","","","","","","","","","","","","","","","","","","","","","","","","","","","","","","","","","","","","","","","",
"Namibia","NAM","Intentional homicides, male (per 100,000 male)","VC.IHR.PSRC.MA.P5","","","","","","","","","","","","","","","","","","","","","","","","","","","","","","","","","","","","","","","","","","","","","","","","","","","","","31.6589953583549","","","","","",
"New Caledonia","NCL","Intentional homicides, male (per 100,000 male)","VC.IHR.PSRC.MA.P5","","","","","","","","","","","","","","","","","","","","","","","","","","","","","","","","","","","","","","","","","","","","","","","","","","","","","","","","","","",
"Niger","NER","Intentional homicides, male (per 100,000 male)","VC.IHR.PSRC.MA.P5","","","","","","","","","","","","","","","","","","","","","","","","","","","","","","","","","","","","","","","","","","","","","","","","","","","","","6.92741407379561","","","","","",
"Nigeria","NGA","Intentional homicides, male (per 100,000 male)","VC.IHR.PSRC.MA.P5","","","","","","","","","","","","","","","","","","","","","","","","","","","","","","","","","","","","","","","","","","","","","","","","","","","","","","","","14.6042393840745","","",
"Nicaragua","NIC","Intentional homicides, male (per 100,000 male)","VC.IHR.PSRC.MA.P5","","","","","","","","","","","","","","","","","","","","","","","","","","","","","","","","","","","","","","","","","","","","","","","","","24.5853310425703","25.3379853843563","25.0101526362187","23.8633526475116","21.0286577337218","18.0554579021128","","15.2769990103307","","",
"Netherlands","NLD","Intentional homicides, male (per 100,000 male)","VC.IHR.PSRC.MA.P5","","","","","","","","","","","","","","","","","","","","","","","","","","","","","","","","","","","","","","","","","1.52115546969478","1.68864786311064","1.67865674388446","1.60660176327657","1.70914194015105","1.44158352405565","0.968774794196671","1.17212610855963","1.25253501534599","1.25991516894251","1.08637869423075","1.11873293030077","1.13905021436925","0.824681645992854","1.10801304310064","0.736308200561328","0.75788800400602","",
"Norway","NOR","Intentional homicides, male (per 100,000 male)","VC.IHR.PSRC.MA.P5","","","","","","","","","","","","","","","","","","","","","","","","","","","","","","","","","","","","","","","","","1.17828718402001","1.00057347733641","1.36136260558884","1.17280306666202","1.01230203421419","0.841721364301598","0.517010730126862","0.553769058707614","1.00959026620371","0.705657714499191","0.573196825144671","2.38171649096462","0.716203263260802","1.01979620549521","0.61902376084017","0.381990230217872","0.605367441975377","",
"Nepal","NPL","Intentional homicides, male (per 100,000 male)","VC.IHR.PSRC.MA.P5","","","","","","","","","","","","","","","","","","","","","","","","","","","","","","","","","","","","","","","","","","","","","","","","","","","","","","","3.12019739731422","","","",
"Nauru","NRU","Intentional homicides, male (per 100,000 male)","VC.IHR.PSRC.MA.P5","","","","","","","","","","","","","","","","","","","","","","","","","","","","","","","","","","","","","","","","","","","","","","","","","","","","","","","","","","",
"New Zealand","NZL","Intentional homicides, male (per 100,000 male)","VC.IHR.PSRC.MA.P5","","","","","","","","","","","","","","","","","","","","","","","","","","","","","","","","","","","","","","","","","1.64732207205661","1.55637039185774","1.72079650228255","1.51507957248659","1.65403131385537","1.69124066629229","1.5437084971289","1.39754658287813","1.33434107854789","1.97945887250023","0.954261513326052","1.10578185688418","0.910982024958175","1.53118184270529","1.38076575487132","","","",
"OECD members","OED","Intentional homicides, male (per 100,000 male)","VC.IHR.PSRC.MA.P5","","","","","","","","","","","","","","","","","","","","","","","","","","","","","","","","","","","","","","","","","","","","","","","","","","","","","","","","","","",
"Oman","OMN","Intentional homicides, male (per 100,000 male)","VC.IHR.PSRC.MA.P5","","","","","","","","","","","","","","","","","","","","","","","","","","","","","","","","","","","","","","","","","","","","","","","","","","","","","","","0.818338546858587","","","",
"Other small states","OSS","Intentional homicides, male (per 100,000 male)","VC.IHR.PSRC.MA.P5","","","","","","","","","","","","","","","","","","","","","","","","","","","","","","","","","","","","","","","","","","","","","","","","","","","","","","","","","","",
"Pakistan","PAK","Intentional homicides, male (per 100,000 male)","VC.IHR.PSRC.MA.P5","","","","","","","","","","","","","","","","","","","","","","","","","","","","","","","","","","","","","","","","","","","","","","","","","","","","","","","","7.52672057434157","","",
"Panama","PAN","Intentional homicides, male (per 100,000 male)","VC.IHR.PSRC.MA.P5","","","","","","","","","","","","","","","","","","","","","","","","","","","","","","","","","","","","","","","","","17.6834787818478","17.9354616236063","21.2301316340213","18.6289787808898","17.0733589372958","19.5950486825928","11.8380715898589","14.8538792805656","26.1356860730736","29.0197172856891","23.4404966544018","28.0897669462395","31.8337777505112","31.8270601661238","27.0554930590783","19.9922689214835","17.1034939297249","",
"Peru","PER","Intentional homicides, male (per 100,000 male)","VC.IHR.PSRC.MA.P5","","","","","","","","","","","","","","","","","","","","","","","","","","","","","","","","","","","","","","","","","","","","","","","","","","","","9.00088894836904","10.9551305927605","11.1483170752153","11.1844068274061","11.7382581061618","12.0829289517008","",
"Philippines","PHL","Intentional homicides, male (per 100,000 male)","VC.IHR.PSRC.MA.P5","","","","","","","","","","","","","","","","","","","","","","","","","","","","","","","","","","","","","","","","","","","","","","","","11.1450243873151","10.1078307702789","16.1502713809349","16.1673307789625","15.8701790616056","15.1331819694924","","","","","",
"Palau","PLW","Intentional homicides, male (per 100,000 male)","VC.IHR.PSRC.MA.P5","","","","","","","","","","","","","","","","","","","","","","","","","","","","","","","","","","","","","","","","","","","","","","","","","","","","","","","","","","",
"Papua New Guinea","PNG","Intentional homicides, male (per 100,000 male)","VC.IHR.PSRC.MA.P5","","","","","","","","","","","","","","","","","","","","","","","","","","","","","","","","","","","","","","","","","","","","","","","","11.9127964440403","","","","","","","","","","",
"Poland","POL","Intentional homicides, male (per 100,000 male)","VC.IHR.PSRC.MA.P5","","","","","","","","","","","","","","","","","","","","","","","","","","","","","","","","","","","","","","","","","3.3463918064502","2.98222258310452","2.74195908851044","2.45227573908853","2.57618223051272","2.21157650926458","1.88548407035268","2.20727118010853","1.8073875541142","1.88897700570037","1.62851873721108","1.66715543848907","1.48455204965988","1.15025355497277","1.12056166268686","","1.00994248629545","",
"Pre-demographic dividend","PRE","Intentional homicides, male (per 100,000 male)","VC.IHR.PSRC.MA.P5","","","","","","","","","","","","","","","","","","","","","","","","","","","","","","","","","","","","","","","","","","","","","","","","","","","","","","","","","","",
"Puerto Rico","PRI","Intentional homicides, male (per 100,000 male)","VC.IHR.PSRC.MA.P5","","","","","","","","","","","","","","","","","","","","","","","","","","","","","","","","","","","","","","","","","34.1533118698326","37.8553266690506","39.5858145518871","40.3329803076716","40.4561936184914","39.4713139889273","39.1988667105895","37.6039760634486","42.2354946673554","47.2845441897188","53.4909447614845","60.507777629086","52.5068643026705","47.7000638721489","37.0126770676738","33.1359346266514","35.2711397077362","",
"Korea, Dem. People’s Rep.","PRK","Intentional homicides, male (per 100,000 male)","VC.IHR.PSRC.MA.P5","","","","","","","","","","","","","","","","","","","","","","","","","","","","","","","","","","","","","","","","","","","","","","","","","","","","","","","","","","",
"Portugal","PRT","Intentional homicides, male (per 100,000 male)","VC.IHR.PSRC.MA.P5","","","","","","","","","","","","","","","","","","","","","","","","","","","","","","","","","","","","","","","","","1.60348698918649","1.59159865126117","1.61922369188976","2.28084387326812","2.05591723676729","1.99873580507487","2.20134123816036","2.60101040150561","1.71648251358092","1.80071989631618","1.61472231844956","1.47495016594234","1.59992012464348","1.83920991596183","0.8834526152563","","","",
"Paraguay","PRY","Intentional homicides, male (per 100,000 male)","VC.IHR.PSRC.MA.P5","","","","","","","","","","","","","","","","","","","","","","","","","","","","","","","","","","","","","","","","","","","","","","","","24.3768119297538","25.2471052269336","24.1971112124329","21.2037239833798","18.6306561654477","17.7916816475097","16.8212320516387","15.3057020806734","16.621531294188","","",
"West Bank and Gaza","PSE","Intentional homicides, male (per 100,000 male)","VC.IHR.PSRC.MA.P5","","","","","","","","","","","","","","","","","","","","","","","","","","","","","","","","","","","","","","","","","","","","","","","","","","","1.08604796841152","0.984710724812741","1.00999110748739","","","","","",
"Pacific island small states","PSS","Intentional homicides, male (per 100,000 male)","VC.IHR.PSRC.MA.P5","","","","","","","","","","","","","","","","","","","","","","","","","","","","","","","","","","","","","","","","","","","","","","","","","","","","","","","","","","",
"Post-demographic dividend","PST","Intentional homicides, male (per 100,000 male)","VC.IHR.PSRC.MA.P5","","","","","","","","","","","","","","","","","","","","","","","","","","","","","","","","","","","","","","","","","","","","","","","","","","","","","","","","","","",
"French Polynesia","PYF","Intentional homicides, male (per 100,000 male)","VC.IHR.PSRC.MA.P5","","","","","","","","","","","","","","","","","","","","","","","","","","","","","","","","","","","","","","","","","","","","","","","","","","","","","","","","","","",
"Qatar","QAT","Intentional homicides, male (per 100,000 male)","VC.IHR.PSRC.MA.P5","","","","","","","","","","","","","","","","","","","","","","","","","","","","","","","","","","","","","","","","","","0.998150925410677","","","0.801270815513404","0.342229591566094","0.566868519098509","0.699775372105554","1.07132283047388","0.501933699577623","0.296410469217773","0.269360087973005","0.37404664860437","0.468706791092696","0.389916752773283","","","",
"Romania","ROU","Intentional homicides, male (per 100,000 male)","VC.IHR.PSRC.MA.P5","","","","","","","","","","","","","","","","","","","","","","","","","","","","","","","","","","","","","","","","","3.88175989732825","4.07069471934924","3.62748552508619","3.73102169857988","3.32768747400745","3.04883785305034","2.89334948478199","2.73647843629849","3.1009444420005","2.64215043892142","2.73239619094231","2.19794816078091","2.57269410092904","2.28946606876572","2.06048433001351","1.9670333229978","","",
"Russian Federation","RUS","Intentional homicides, male (per 100,000 male)","VC.IHR.PSRC.MA.P5","","","","","","","","","","","","","","","","","","","","","","","","","","","","","","","","","","","","","","","","","44.888677524794","47.1837713644457","49.4603167973407","46.6482666570856","44.1306786061548","40.0794502871553","32.4616621376577","28.8488005051977","27.1297031563835","24.1484783859819","","","","","","","","",
"Rwanda","RWA","Intentional homicides, male (per 100,000 male)","VC.IHR.PSRC.MA.P5","","","","","","","","","","","","","","","","","","","","","","","","","","","","","","","","","","","","","","","","","","","","","","","","","","","","","","","","4.00095399791417","","",
"South Asia","SAS","Intentional homicides, male (per 100,000 male)","VC.IHR.PSRC.MA.P5","","","","","","","","","","","","","","","","","","","","","","","","","","","","","","","","","","","","","","","","","","","","","","","","","","","","","","","","","","",
"Saudi Arabia","SAU","Intentional homicides, male (per 100,000 male)","VC.IHR.PSRC.MA.P5","","","","","","","","","","","","","","","","","","","","","","","","","","","","","","","","","","","","","","","","","","","","","","","","","","","","","","","","1.76328427947142","","",
"Sudan","SDN","Intentional homicides, male (per 100,000 male)","VC.IHR.PSRC.MA.P5","","","","","","","","","","","","","","","","","","","","","","","","","","","","","","","","","","","","","","","","","","","","","","","","","7.9530809770858","","","","","","","","","",
"Senegal","SEN","Intentional homicides, male (per 100,000 male)","VC.IHR.PSRC.MA.P5","","","","","","","","","","","","","","","","","","","","","","","","","","","","","","","","","","","","","","","","","","","","","","","","","","","","","","","","12.2571667211171","","",
"Singapore","SGP","Intentional homicides, male (per 100,000 male)","VC.IHR.PSRC.MA.P5","","","","","","","","","","","","","","","","","","","","","","","","","","","","","","","","","","","","","","","","","","","","","","","0.5249968500189","0.555043444958263","0.667313961209039","0.530245401650695","0.639031994334981","0.391627474547151","0.192263397778743","0.415744941234453","0.260214342271076","0.402356933762173","0.39662830144226","",
"Solomon Islands","SLB","Intentional homicides, male (per 100,000 male)","VC.IHR.PSRC.MA.P5","","","","","","","","","","","","","","","","","","","","","","","","","","","","","","","","","","","","","","","","","","","","","","","","","5.69385761197551","","","","","","","","","",
"Sierra Leone","SLE","Intentional homicides, male (per 100,000 male)","VC.IHR.PSRC.MA.P5","","","","","","","","","","","","","","","","","","","","","","","","","","","","","","","","","","","","","","","","","","","","","","","","","","","","","","","","2.69623751208058","","",
"El Salvador","SLV","Intentional homicides, male (per 100,000 male)","VC.IHR.PSRC.MA.P5","","","","","","","","","","","","","","","","","","","","","","","","","","","","","","","","","","","","","","","","","","","","","","121.044831952327","120.556048825477","109.085543867627","98.6243250591591","130.239072890239","117.353277565685","127.853999818279","77.3528967161789","77.8973153246683","122.599722553481","204.751151169107","158.416900843845","",
"San Marino","SMR","Intentional homicides, male (per 100,000 male)","VC.IHR.PSRC.MA.P5","","","","","","","","","","","","","","","","","","","","","","","","","","","","","","","","","","","","","","","","","","","","","","","","","","","","","","","","","","",
"Somalia","SOM","Intentional homicides, male (per 100,000 male)","VC.IHR.PSRC.MA.P5","","","","","","","","","","","","","","","","","","","","","","","","","","","","","","","","","","","","","","","","","","","","","","","","","","","","","","","","6.46808160728612","","",
"Serbia","SRB","Intentional homicides, male (per 100,000 male)","VC.IHR.PSRC.MA.P5","","","","","","","","","","","","","","","","","","","","","","","","","","","","","","","","","","","","","","","","","3.61206503980513","3.62276342016282","3.14108993371714","2.38882671907028","2.49325114681392","2.26418511977539","2.34179606390918","2.59775043769855","2.29270259736231","2.61684199508034","1.99266518062151","2.18256571057405","1.66669482543769","2.17837147700007","1.88818143489355","1.68755458545568","1.90194230657987","",
"Sub-Saharan Africa (excluding high income)","SSA","Intentional homicides, male (per 100,000 male)","VC.IHR.PSRC.MA.P5","","","","","","","","","","","","","","","","","","","","","","","","","","","","","","","","","","","","","","","","","","","","","","","","","","","","","","","","","","",
"South Sudan","SSD","Intentional homicides, male (per 100,000 male)","VC.IHR.PSRC.MA.P5","","","","","","","","","","","","","","","","","","","","","","","","","","","","","","","","","","","","","","","","","","","","","","","","","","","","","21.6435222386279","","","","","",
"Sub-Saharan Africa","SSF","Intentional homicides, male (per 100,000 male)","VC.IHR.PSRC.MA.P5","","","","","","","","","","","","","","","","","","","","","","","","","","","","","","","","","","","","","","","","","","","","","","","","","","","","","","","","","","",
"Small states","SST","Intentional homicides, male (per 100,000 male)","VC.IHR.PSRC.MA.P5","","","","","","","","","","","","","","","","","","","","","","","","","","","","","","","","","","","","","","","","","","","","","","","","","","","","","","","","","","",
"Sao Tome and Principe","STP","Intentional homicides, male (per 100,000 male)","VC.IHR.PSRC.MA.P5","","","","","","","","","","","","","","","","","","","","","","","","","","","","","","","","","","","","","","","","","","","","","","","","","","","","5.18971432153293","","","","","","",
"Suriname","SUR","Intentional homicides, male (per 100,000 male)","VC.IHR.PSRC.MA.P5","","","","","","","","","","","","","","","","","","","","","","","","","","","","","","","","","","","","","","","","","","","","","","","","11.8507251063668","12.7307938614427","","","","","","","","","",
"Slovak Republic","SVK","Intentional homicides, male (per 100,000 male)","VC.IHR.PSRC.MA.P5","","","","","","","","","","","","","","","","","","","","","","","","","","","","","","","","","","","","","","","","","3.62364170651401","3.24299370286929","2.74797203480459","3.43630147054612","2.7500250175887","2.33048848184721","2.56013156783604","2.06345348746567","2.36869230610534","1.75648208712838","1.94557501851157","2.17142112655614","1.71121465438598","1.82172659451364","1.3637866901238","1.13478654097771","1.39894817734891","",
"Slovenia","SVN","Intentional homicides, male (per 100,000 male)","VC.IHR.PSRC.MA.P5","","","","","","","","","","","","","","","","","","","","","","","","","","","","","","","","","","","","","","","","","","","","","2.05918297796983","1.02623887557059","0.918362661414993","1.6201514436562","0.501928408947175","0.597315068765897","0.691979952352238","0.88482089750333","0.78324482666792","0.878426718227062","1.03447402959034","0.87435601250912","0.776661737984854","",
"Sweden","SWE","Intentional homicides, male (per 100,000 male)","VC.IHR.PSRC.MA.P5","","","","","","","","","","","","","","","","","","","","","","","","","","","","","","","","","","","","","","","","","1.3450227485729","1.30995260676527","1.46580244309159","1.30952379904343","1.48909530613995","1.1684068731116","1.22477298175253","1.73864829267545","1.1819260252496","1.17621181900935","1.3707784058231","1.18679168669378","0.980928935185836","1.2709082639664","1.28103355440116","1.70081792948983","1.56637676316649","",
"Eswatini","SWZ","Intentional homicides, male (per 100,000 male)","VC.IHR.PSRC.MA.P5","","","","","","","","","","","","","","","","","","","","","","","","","","","","","","","","","","","","","","","","","","","","","","","","","","","30.8711753634034","","","","","","","",
"Sint Maarten (Dutch part)","SXM","Intentional homicides, male (per 100,000 male)","VC.IHR.PSRC.MA.P5","","","","","","","","","","","","","","","","","","","","","","","","","","","","","","","","","","","","","","","","","","","","","","","","","","","","","","","","","","",
"Seychelles","SYC","Intentional homicides, male (per 100,000 male)","VC.IHR.PSRC.MA.P5","","","","","","","","","","","","","","","","","","","","","","","","","","","","","","","","","","","","","","","","","","","","","18.7884772356722","","14.2556190898579","14.2916975162221","10.3417072435041","23.8928236197628","16.3649753161622","23.2014420588602","7.55793630549179","24.4797090411726","29.0755783314252","","","",
"Syrian Arab Republic","SYR","Intentional homicides, male (per 100,000 male)","VC.IHR.PSRC.MA.P5","","","","","","","","","","","","","","","","","","","","","","","","","","","","","","","","","","","","","","","","","","","","","","","","","","","3.37821200520667","","","","","","","",
"Turks and Caicos Islands","TCA","Intentional homicides, male (per 100,000 male)","VC.IHR.PSRC.MA.P5","","","","","","","","","","","","","","","","","","","","","","","","","","","","","","","","","","","","","","","","","","","","","","","","","","","","","","","","","","",
"Chad","TCD","Intentional homicides, male (per 100,000 male)","VC.IHR.PSRC.MA.P5","","","","","","","","","","","","","","","","","","","","","","","","","","","","","","","","","","","","","","","","","","","","","","","","","","","","","","","","14.4471101364519","","",
"East Asia & Pacific (IDA & IBRD countries)","TEA","Intentional homicides, male (per 100,000 male)","VC.IHR.PSRC.MA.P5","","","","","","","","","","","","","","","","","","","","","","","","","","","","","","","","","","","","","","","","","","","","","","","","","","","","","","","","","","",
"Europe & Central Asia (IDA & IBRD countries)","TEC","Intentional homicides, male (per 100,000 male)","VC.IHR.PSRC.MA.P5","","","","","","","","","","","","","","","","","","","","","","","","","","","","","","","","","","","","","","","","","","","","","","","","","","","","","","","","","","",
"Togo","TGO","Intentional homicides, male (per 100,000 male)","VC.IHR.PSRC.MA.P5","","","","","","","","","","","","","","","","","","","","","","","","","","","","","","","","","","","","","","","","","","","","","","","","","","","","","","","","14.8664454253599","","",
"Thailand","THA","Intentional homicides, male (per 100,000 male)","VC.IHR.PSRC.MA.P5","","","","","","","","","","","","","","","","","","","","","","","","","","","","","","","","","","","","","","","","","13.6360254662151","","12.1587319643596","17.2391568248921","11.78184463645","13.0042324179473","12.6942735889465","11.8087210082034","10.5572933699546","9.79081687562428","9.70575618262519","8.65322588589661","8.57906375745212","7.5500919924959","6.71656375986486","","","",
"Tajikistan","TJK","Intentional homicides, male (per 100,000 male)","VC.IHR.PSRC.MA.P5","","","","","","","","","","","","","","","","","","","","","","","","","","","","","","","","","","","","","","","","","","","","","","","4.36784517180096","2.74704006433068","1.68286332136962","1.93139217137064","4.10245864500984","2.7679495816714","","","","","","",
"Turkmenistan","TKM","Intentional homicides, male (per 100,000 male)","VC.IHR.PSRC.MA.P5","","","","","","","","","","","","","","","","","","","","","","","","","","","","","","","","","","","","","","","","","","","","","","","6.79783380238139","","","","","","","","","","","",
"Latin America & the Caribbean (IDA & IBRD countries)","TLA","Intentional homicides, male (per 100,000 male)","VC.IHR.PSRC.MA.P5","","","","","","","","","","","","","","","","","","","","","","","","","","","","","","","","","","","","","","","","","","","","","","","","","","","","","","","","","","",
"Timor-Leste","TLS","Intentional homicides, male (per 100,000 male)","VC.IHR.PSRC.MA.P5","","","","","","","","","","","","","","","","","","","","","","","","","","","","","","","","","","","","","","","","","","","","","","","","","","","","","","","","6.24249926010655","","",
"Middle East & North Africa (IDA & IBRD countries)","TMN","Intentional homicides, male (per 100,000 male)","VC.IHR.PSRC.MA.P5","","","","","","","","","","","","","","","","","","","","","","","","","","","","","","","","","","","","","","","","","","","","","","","","","","","","","","","","","","",
"Tonga","TON","Intentional homicides, male (per 100,000 male)","VC.IHR.PSRC.MA.P5","","","","","","","","","","","","","","","","","","","","","","","","","","","","","","","","","","","","","","","","","2.00457042055887","9.98881252996644","9.96134996214687","11.9232144986288","3.96251461177263","7.89406169209212","15.7106105536026","1.95240047638572","5.81880249044747","9.63948332369385","1.91743523862482","3.81788679965639","0","","","","","",
"South Asia (IDA & IBRD)","TSA","Intentional homicides, male (per 100,000 male)","VC.IHR.PSRC.MA.P5","","","","","","","","","","","","","","","","","","","","","","","","","","","","","","","","","","","","","","","","","","","","","","","","","","","","","","","","","","",
"Sub-Saharan Africa (IDA & IBRD countries)","TSS","Intentional homicides, male (per 100,000 male)","VC.IHR.PSRC.MA.P5","","","","","","","","","","","","","","","","","","","","","","","","","","","","","","","","","","","","","","","","","","","","","","","","","","","","","","","","","","",
"Trinidad and Tobago","TTO","Intentional homicides, male (per 100,000 male)","VC.IHR.PSRC.MA.P5","","","","","","","","","","","","","","","","","","","","","","","","","","","","","","","","","","","","","","","","","","","","","36.5553031746875","53.9716609895323","52.1884296547975","55.6621170723885","75.2215581915509","71.3715876892417","63.9169140525002","48.7665988174857","50.5058880819673","55.2411546602219","53.8275097450221","58.263856292422","","",
"Tunisia","TUN","Intentional homicides, male (per 100,000 male)","VC.IHR.PSRC.MA.P5","","","","","","","","","","","","","","","","","","","","","","","","","","","","","","","","","","","","","","","","","","","","","","","","","","","","","5.1077409799692","","","","","",
"Turkey","TUR","Intentional homicides, male (per 100,000 male)","VC.IHR.PSRC.MA.P5","","","","","","","","","","","","","","","","","","","","","","","","","","","","","","","","","","","","","","","","","","","","6.91250541763214","6.99888256467122","8.07042774809803","7.73501720752335","8.71506042758294","7.75537979324394","7.6533024898117","6.8327147570752","6.7380655961214","7.11903584360902","","","","","",
"Tuvalu","TUV","Intentional homicides, male (per 100,000 male)","VC.IHR.PSRC.MA.P5","","","","","","","","","","","","","","","","","","","","","","","","","","","","","","","","","","","","","","","","","","","","","","","","","","","","","","","","","","",
"Tanzania","TZA","Intentional homicides, male (per 100,000 male)","VC.IHR.PSRC.MA.P5","","","","","","","","","","","","","","","","","","","","","","","","","","","","","","","","","","","","","","","","","","","","","","","","","","","14.6727912602912","15.2969585966863","14.7352371677892","12.8076955896662","11.7145556124211","11.5484816338018","","",
"Uganda","UGA","Intentional homicides, male (per 100,000 male)","VC.IHR.PSRC.MA.P5","","","","","","","","","","","","","","","","","","","","","","","","","","","","","","","","","","","","","","","","","","","","","","","","","15.3317096237867","","15.2014136839682","17.2664115520898","18.4300746891941","16.4258611844364","18.8117596736965","","","",
"Ukraine","UKR","Intentional homicides, male (per 100,000 male)","VC.IHR.PSRC.MA.P5","","","","","","","","","","","","","","","","","","","","","","","","","","","","","","","","","","","","","","","","","13.6767375315442","14.9584355471083","13.3616460017338","12.5528978246415","10.8441454130763","9.522420335903","9.48833722792236","","8.08854984515943","7.2258003216456","6.55121830965738","","","","","","","",
"Upper middle income","UMC","Intentional homicides, male (per 100,000 male)","VC.IHR.PSRC.MA.P5","","","","","","","","","","","","","","","","","","","","","","","","","","","","","","","","","","","","","","","","","","","","","","","","","","","","","","","","","","",
"Uruguay","URY","Intentional homicides, male (per 100,000 male)","VC.IHR.PSRC.MA.P5","","","","","","","","","","","","","","","","","","","","","","","","","","","","","","","","","","","","","","","","","","","","","","","9.89301236004343","10.0561842739901","10.9529770748621","11.1618223740888","10.0786875090647","9.67729883315051","13.978006309025","12.5300172987229","13.1509891119507","14.670369475972","13.4137991602537","",
"United States","USA","Intentional homicides, male (per 100,000 male)","VC.IHR.PSRC.MA.P5","","","","","","","","","","","","","","","","","","","","","","","","","","","","","","","","","","","","","","","","","8.55143655970813","10.3829453603902","8.79753684744579","8.97278776211475","8.72837506939087","9.05060748236","9.28929353307004","9.06393422228132","8.60936257361595","7.85259780098283","7.48519196686915","7.41736938904946","7.46172838826932","7.14731927127088","6.98804247363331","7.92910093641501","8.51150035329428","",
"Uzbekistan","UZB","Intentional homicides, male (per 100,000 male)","VC.IHR.PSRC.MA.P5","","","","","","","","","","","","","","","","","","","","","","","","","","","","","","","","","","","","","","","","","","","","","","","","","4.85319773898624","","","","","","","","","",
"St. Vincent and the Grenadines","VCT","Intentional homicides, male (per 100,000 male)","VC.IHR.PSRC.MA.P5","","","","","","","","","","","","","","","","","","","","","","","","","","","","","","","","","","","","","","","","","","","","","41.5759771657956","34.598295578702","25.1739097599247","56.4855497859601","23.5776338937556","35.4339985137658","39.8565165404544","","","","","","65.0287718703514","",
"Venezuela, RB","VEN","Intentional homicides, male (per 100,000 male)","VC.IHR.PSRC.MA.P5","","","","","","","","","","","","","","","","","","","","","","","","","","","","","","","","","","","","","","","","","61.0201302434269","59.7241975365766","68.8458895313745","82.1659174040212","69.1684499499925","70.1689854053663","85.032397702143","90.1636456314992","98.513228177656","92.6127777401338","84.8205731976847","90.4312359966886","101.51002993549","","","","","",
"British Virgin Islands","VGB","Intentional homicides, male (per 100,000 male)","VC.IHR.PSRC.MA.P5","","","","","","","","","","","","","","","","","","","","","","","","","","","","","","","","","","","","","","","","","","","","","","","","","","","","","","","","","","",
"Virgin Islands (U.S.)","VIR","Intentional homicides, male (per 100,000 male)","VC.IHR.PSRC.MA.P5","","","","","","","","","","","","","","","","","","","","","","","","","","","","","","","","","","","","","","","","","38.0945124854765","49.532300775371","68.6354883605651","53.4595998167099","68.8902922096561","65.2766578351188","75.1908691293283","77.5163753342894","85.7398963326708","94.0291490362012","96.4566929133858","83.0137961023046","99.1787995398104","","","","","",
"Vietnam","VNM","Intentional homicides, male (per 100,000 male)","VC.IHR.PSRC.MA.P5","","","","","","","","","","","","","","","","","","","","","","","","","","","","","","","","","","","","","","","","","","","","","","","","","","","","2.61372152522222","","","","","","",
"Vanuatu","VUT","Intentional homicides, male (per 100,000 male)","VC.IHR.PSRC.MA.P5","","","","","","","","","","","","","","","","","","","","","","","","","","","","","","","","","","","","","","","","","","","","","","","","","","","","","","","","3.16473086082352","","",
"World","WLD","Intentional homicides, male (per 100,000 male)","VC.IHR.PSRC.MA.P5","","","","","","","","","","","","","","","","","","","","","","","","","","","","","","","","","","","","","","","","","","","","","","","","","","","","","","","","","","",
"Samoa","WSM","Intentional homicides, male (per 100,000 male)","VC.IHR.PSRC.MA.P5","","","","","","","","","","","","","","","","","","","","","","","","","","","","","","","","","","","","","","","","","","","","","","","","","","","","","","4.79148615754184","","","","",
"Kosovo","XKX","Intentional homicides, male (per 100,000 male)","VC.IHR.PSRC.MA.P5","","","","","","","","","","","","","","","","","","","","","","","","","","","","","","","","","","","","","","","","","","","","","","","","","","","","","","","","","","",
"Yemen, Rep.","YEM","Intentional homicides, male (per 100,000 male)","VC.IHR.PSRC.MA.P5","","","","","","","","","","","","","","","","","","","","","","","","","","","","","","","","","","","","","","","","","","","","","","","","","","","","","","10.2725875229918","","","","",
"South Africa","ZAF","Intentional homicides, male (per 100,000 male)","VC.IHR.PSRC.MA.P5","","","","","","","","","","","","","","","","","","","","","","","","","","","","","","","","","","","","","","","","","","","","","","","67.5983290748499","64.1963262189886","62.7839115119636","56.625828932698","51.9194713496708","51.2541397391809","","","","","","",
"Zambia","ZMB","Intentional homicides, male (per 100,000 male)","VC.IHR.PSRC.MA.P5","","","","","","","","","","","","","","","","","","","","","","","","","","","","","","","","","","","","","","","","","","","","","","","","","","","","","","","","8.5776063683188","","",
"Zimbabwe","ZWE","Intentional homicides, male (per 100,000 male)","VC.IHR.PSRC.MA.P5","","","","","","","","","","","","","","","","","","","","","","","","","","","","","","","","","","","","","","","","","","","","","","","","","","","","","11.5488890515304","","","","","",
